City_ID,City,Country,Date,Lat,Lng,Max Temp,Humidity,Cloudiness,Wind Speed
0,East London,ZA,2022-02-01 07:16:13,-33.0153,27.9116,77.94,78,20,5.75
1,Portland,US,2022-02-01 07:18:05,45.5234,-122.6762,40.98,93,100,1.99
2,Carnarvon,AU,2022-02-01 07:15:54,-24.8667,113.6333,87.87,58,73,21.85
3,New Norfolk,AU,2022-02-01 07:17:27,-42.7826,147.0587,71.65,38,37,3.0
4,Port Macquarie,AU,2022-02-01 07:14:58,-31.4333,152.9167,82.89,73,48,6.62
5,Ushuaia,AR,2022-02-01 07:16:14,-54.8,-68.3,40.66,87,100,21.85
6,Dingle,PH,2022-02-01 07:15:55,10.9995,122.6711,82.04,75,100,12.39
7,Bolshaya Dzhalga,RU,2022-02-01 07:18:26,45.9695,42.6966,37.17,92,98,9.75
8,Shenjiamen,CN,2022-02-01 07:18:27,29.9576,122.298,41.76,86,100,15.43
9,Busselton,AU,2022-02-01 07:16:10,-33.65,115.3333,83.05,28,0,6.2
10,Kaitangata,NZ,2022-02-01 07:18:27,-46.2817,169.8464,63.07,87,100,5.48
11,Nadym,RU,2022-02-01 07:18:28,65.5333,72.5167,-7.73,99,95,6.11
12,Atuona,PF,2022-02-01 07:18:29,-9.8,-139.0333,79.02,73,10,21.94
13,Askiz,RU,2022-02-01 07:18:29,53.1319,90.5264,7.83,88,100,2.91
14,Cayenne,GF,2022-02-01 07:18:30,4.9333,-52.3333,80.1,85,75,5.01
15,Hobart,AU,2022-02-01 07:14:37,-42.8794,147.3294,72.01,43,0,8.01
16,Punta Arenas,CL,2022-02-01 07:18:30,-53.15,-70.9167,44.71,76,40,36.82
17,Qaanaaq,GL,2022-02-01 07:18:31,77.484,-69.3632,-19.68,64,71,9.84
18,Tilichiki,RU,2022-02-01 07:18:32,60.4667,166.1,10.24,90,100,7.67
19,Kuytun,RU,2022-02-01 07:18:32,54.3419,101.5036,1.63,90,57,1.03
20,Chuy,UY,2022-02-01 07:18:33,-33.6971,-53.4616,57.87,70,0,4.43
21,Esperance,AU,2022-02-01 07:18:33,-33.8667,121.9,71.44,52,13,19.15
22,Bluff,NZ,2022-02-01 07:17:45,-46.6,168.3333,59.81,90,100,9.15
23,Harper,LR,2022-02-01 07:18:34,4.375,-7.7169,76.42,88,89,5.48
24,Constitucion,CL,2022-02-01 07:18:35,-35.3333,-72.4167,56.95,68,0,3.74
25,Eyl,SO,2022-02-01 07:15:57,7.9803,49.8164,81.55,60,100,17.4
26,Nikolskoye,RU,2022-02-01 07:15:54,59.7035,30.7861,24.69,96,100,4.14
27,Barrow,US,2022-02-01 07:17:47,71.2906,-156.7887,-11.18,70,100,5.75
28,Xai-Xai,MZ,2022-02-01 07:18:36,-25.0519,33.6442,85.33,56,2,2.62
29,Bryan,US,2022-02-01 07:15:03,30.6744,-96.37,58.87,86,100,5.75
30,Veraval,IN,2022-02-01 07:18:37,20.9,70.3667,79.29,47,0,4.88
31,Darhan,MN,2022-02-01 07:18:37,49.4867,105.9228,1.4,83,18,2.53
32,Katsuura,JP,2022-02-01 07:15:21,35.1333,140.3,51.12,50,67,16.2
33,Zhanaozen,KZ,2022-02-01 07:18:38,43.3,52.8,43.52,54,35,10.69
34,Yelizovo,RU,2022-02-01 07:18:38,53.1873,158.3805,28.54,69,0,11.18
35,Thompson,CA,2022-02-01 07:15:05,55.7435,-97.8558,-0.24,78,100,11.5
36,Flinders,AU,2022-02-01 07:18:39,-34.5833,150.8552,91.18,66,100,5.01
37,Rikitea,PF,2022-02-01 07:16:07,-23.1203,-134.9692,78.17,66,59,8.72
38,Kodiak,US,2022-02-01 07:13:53,57.79,-152.4072,35.11,87,100,13.8
39,Bredasdorp,ZA,2022-02-01 07:15:38,-34.5322,20.0403,80.28,88,0,9.22
40,Rio Grande,BR,2022-02-01 07:18:41,-32.035,-52.0986,56.95,66,0,8.5
41,Kungurtug,RU,2022-02-01 07:18:41,50.5994,97.5228,3.45,87,7,1.23
42,Atar,MR,2022-02-01 07:18:42,20.5169,-13.0499,76.12,13,100,11.18
43,Katangli,RU,2022-02-01 07:18:42,51.7102,143.2326,9.36,92,100,22.68
44,Arraial Do Cabo,BR,2022-02-01 07:16:25,-22.9661,-42.0278,76.19,91,100,4.43
45,Nyurba,RU,2022-02-01 07:18:43,63.2842,118.3319,-19.75,99,77,2.35
46,Rexburg,US,2022-02-01 07:18:44,43.826,-111.7897,15.06,75,100,6.91
47,Manuk Mangkaw,PH,2022-02-01 07:19:44,4.8,119.85,81.77,74,54,3.76
48,Salinopolis,BR,2022-02-01 07:19:45,-0.6136,-47.3561,77.13,82,100,9.33
49,Vaini,TO,2022-02-01 07:15:19,-21.2,-175.2,79.93,74,49,16.73
50,Chunoyar,RU,2022-02-01 07:19:46,57.4467,97.3217,10.85,86,99,2.28
51,Vila Praia De Ancora,PT,2022-02-01 07:19:46,41.811,-8.8526,50.34,73,0,7.23
52,Hithadhoo,MV,2022-02-01 07:17:42,-0.6,73.0833,82.8,71,0,10.33
53,Mataura,NZ,2022-02-01 07:16:13,-46.1927,168.8643,59.49,80,100,1.19
54,Tuktoyaktuk,CA,2022-02-01 07:16:15,69.4541,-133.0374,-13.81,100,100,1.7
55,Torbay,CA,2022-02-01 07:19:47,47.6666,-52.7314,29.39,69,75,18.41
56,Muros,ES,2022-02-01 07:19:48,42.7762,-9.0603,49.23,90,0,15.79
57,Narsaq,GL,2022-02-01 07:19:48,60.9167,-46.05,21.42,98,63,3.33
58,Vila Do Maio,CV,2022-02-01 07:19:49,15.1333,-23.2167,72.39,84,100,15.37
59,Puerto Ayora,EC,2022-02-01 07:15:47,-0.7393,-90.3518,72.77,90,76,4.0
60,Komatipoort,ZA,2022-02-01 07:19:50,-25.4332,31.9548,82.06,54,3,2.24
61,Quepos,CR,2022-02-01 07:19:50,9.4236,-84.1652,78.1,75,29,4.34
62,Georgetown,MY,2022-02-01 07:15:06,5.4112,100.3354,93.13,71,40,10.36
63,Geghamasar,AM,2022-02-01 07:19:51,40.3109,45.6792,25.05,68,4,2.13
64,Aklavik,CA,2022-02-01 07:19:52,68.2191,-135.0107,-8.57,98,100,4.03
65,Kommunisticheskiy,RU,2022-02-01 07:19:52,61.6789,64.4819,4.23,90,100,2.64
66,Elizabeth City,US,2022-02-01 07:19:53,36.2946,-76.2511,39.0,91,0,7.54
67,Shimoda,JP,2022-02-01 07:19:53,34.6667,138.95,50.36,51,9,24.49
68,Igrim,RU,2022-02-01 07:19:54,63.1906,64.4162,-8.36,98,95,1.77
69,Yellowknife,CA,2022-02-01 07:19:55,62.456,-114.3525,-14.58,83,0,8.05
70,Sola,VU,2022-02-01 07:19:55,-13.8833,167.55,82.11,75,100,11.18
71,Mahebourg,MU,2022-02-01 07:16:22,-20.4081,57.7,86.25,78,75,21.85
72,Altay,CN,2022-02-01 07:19:56,47.8667,88.1167,16.56,64,100,1.16
73,Vila Velha,BR,2022-02-01 07:19:57,-20.3297,-40.2925,73.35,97,0,1.99
74,Puente De Ixtla,MX,2022-02-01 07:19:57,18.6147,-99.3181,71.31,48,0,1.63
75,Pisco,PE,2022-02-01 07:19:58,-13.7,-76.2167,69.85,83,100,6.91
76,Castro,BR,2022-02-01 07:17:39,-24.7911,-50.0119,60.1,91,7,1.1
77,Port Alfred,ZA,2022-02-01 07:15:40,-33.5906,26.891,80.62,74,94,1.39
78,Avarua,CK,2022-02-01 07:17:34,-21.2078,-159.775,78.85,83,100,11.5
79,Korla,CN,2022-02-01 07:19:40,41.7597,86.1469,31.3,34,13,5.1
80,Albany,US,2022-02-01 07:15:23,42.6001,-73.9662,11.98,76,9,1.34
81,Jamestown,US,2022-02-01 07:16:20,42.097,-79.2353,24.71,79,0,3.0
82,Hilo,US,2022-02-01 07:16:12,19.7297,-155.09,69.53,83,75,3.44
83,Odweyne,SO,2022-02-01 07:20:00,9.4092,45.064,72.3,50,7,3.89
84,Provideniya,RU,2022-02-01 07:20:00,64.3833,-173.3,4.33,72,97,21.41
85,Olinda,BR,2022-02-01 07:20:01,-8.0089,-34.8553,82.13,69,40,6.91
86,Ballina,AU,2022-02-01 07:20:01,-28.8667,153.5667,84.38,89,37,11.27
87,Half Moon Bay,US,2022-02-01 07:20:02,37.4636,-122.4286,52.97,88,0,0.0
88,Campbell River,CA,2022-02-01 07:15:05,50.0163,-125.2446,37.26,89,89,3.56
89,Ashland,US,2022-02-01 07:16:19,40.8167,-82.2665,26.96,78,66,6.15
90,Khatanga,RU,2022-02-01 07:20:03,71.9667,102.5,-31.99,100,21,3.56
91,Saint-Philippe,RE,2022-02-01 07:21:04,-21.3585,55.7679,86.11,70,54,13.98
92,Okhotsk,RU,2022-02-01 07:21:04,59.3833,143.3,7.65,85,90,12.57
93,Muisne,EC,2022-02-01 07:21:05,0.6,-80.0333,73.26,89,97,4.05
94,Boyolangu,ID,2022-02-01 07:21:05,-8.1181,111.8935,80.69,81,100,5.5
95,Vilyuysk,RU,2022-02-01 07:21:06,63.7553,121.6247,-20.56,98,86,3.49
96,Upernavik,GL,2022-02-01 07:21:06,72.7868,-56.1549,-22.74,99,99,4.74
97,Hofn,IS,2022-02-01 07:21:07,64.2539,-15.2082,24.01,65,94,27.27
98,Matay,EG,2022-02-01 07:21:07,28.419,30.7792,53.69,57,0,3.47
99,San Jeronimo,PE,2022-02-01 07:21:08,-11.9472,-75.2829,45.59,93,100,2.51
100,Menongue,AO,2022-02-01 07:21:08,-14.6585,17.691,65.08,57,100,6.49
101,Egvekinot,RU,2022-02-01 07:21:09,66.3167,-179.1667,0.37,69,99,14.14
102,Hermanus,ZA,2022-02-01 07:16:19,-34.4187,19.2345,82.9,66,2,4.03
103,Traverse City,US,2022-02-01 07:21:09,44.7631,-85.6206,28.6,67,100,11.5
104,Carmarthen,GB,2022-02-01 07:21:10,51.8555,-4.3054,49.93,87,100,19.57
105,Loa Janan,ID,2022-02-01 07:21:10,-0.583,117.095,90.66,48,93,3.74
106,Camacha,PT,2022-02-01 07:21:11,33.0833,-16.3333,61.56,72,20,24.16
107,Sao Joao Da Barra,BR,2022-02-01 07:21:12,-21.6403,-41.0511,75.25,90,100,10.36
108,Nam Dinh,VN,2022-02-01 07:21:12,20.4167,106.1667,61.74,62,96,5.26
109,Stephenville,US,2022-02-01 07:21:13,32.2207,-98.2023,54.91,93,40,8.05
110,Rawson,AR,2022-02-01 07:21:13,-43.3002,-65.1023,68.72,39,1,24.0
111,Cape Town,ZA,2022-02-01 07:13:31,-33.9258,18.4232,82.11,51,0,1.01
112,Itaituba,BR,2022-02-01 07:21:14,-4.2761,-55.9836,72.82,97,100,2.21
113,Souillac,MU,2022-02-01 07:21:14,-20.5167,57.5167,86.36,78,75,21.85
114,Butaritari,KI,2022-02-01 07:21:15,3.0707,172.7902,82.33,76,98,13.78
115,Qom,IR,2022-02-01 07:21:15,34.6401,50.8764,39.54,81,100,4.76
116,Ponta Do Sol,PT,2022-02-01 07:16:24,32.6667,-17.1,65.03,79,16,13.71
117,Zeya,RU,2022-02-01 07:21:17,53.75,127.2667,6.78,64,85,5.26
118,Spencer,US,2022-02-01 07:21:17,43.1414,-95.1444,38.88,74,0,21.85
119,Doha,QA,2022-02-01 07:18:37,25.2867,51.5333,75.18,60,0,9.22
120,Kahului,US,2022-02-01 07:17:18,20.8947,-156.47,73.42,74,0,8.05
121,Nortelandia,BR,2022-02-01 07:21:18,-14.4547,-56.8028,69.35,97,100,3.87
122,Codrington,AU,2022-02-01 07:21:19,-38.2667,141.9667,61.03,65,100,19.24
123,Tukrah,LY,2022-02-01 07:21:19,32.5341,20.5791,54.79,67,99,23.71
124,Canico,PT,2022-02-01 07:21:20,32.6333,-16.85,65.03,82,75,1.99
125,Cabedelo,BR,2022-02-01 07:21:20,-6.9811,-34.8339,75.87,76,7,7.18
126,Lokossa,BJ,2022-02-01 07:21:21,6.6387,1.7167,70.59,65,100,1.07
127,Bethel,US,2022-02-01 07:17:45,41.3712,-73.414,21.09,72,0,0.0
128,Surt,LY,2022-02-01 07:21:22,31.2089,16.5887,53.83,48,78,20.0
129,Kapaa,US,2022-02-01 07:17:31,22.0752,-159.319,71.58,75,0,1.01
130,Vadso,NO,2022-02-01 07:21:23,70.0744,29.7487,19.11,85,100,4.36
131,Tres Arroyos,AR,2022-02-01 07:21:24,-38.3739,-60.2798,57.6,43,0,16.82
132,Bilma,NE,2022-02-01 07:21:24,18.6853,12.9164,53.38,23,0,5.84
133,Piacabucu,BR,2022-02-01 07:22:25,-10.4056,-36.4344,76.75,83,46,5.57
134,Lagoa,PT,2022-02-01 07:22:25,39.05,-27.9833,58.57,79,100,21.88
135,Verkhniye Kigi,RU,2022-02-01 07:22:26,55.4083,58.6044,25.61,86,100,4.29
136,Tigil,RU,2022-02-01 07:22:26,57.8,158.6667,7.77,91,46,5.48
137,Lakes Entrance,AU,2022-02-01 07:22:27,-37.8811,147.981,67.57,91,100,10.09
138,Husavik,IS,2022-02-01 07:16:24,66.0449,-17.3389,22.91,81,99,21.21
139,Saint George,US,2022-02-01 07:21:01,37.1041,-113.5841,42.8,39,0,3.0
140,Sinnamary,GF,2022-02-01 07:22:28,5.3833,-52.95,74.95,90,72,7.18
141,Lebu,CL,2022-02-01 07:22:28,-37.6167,-73.65,54.82,86,1,14.38
142,Port-Gentil,GA,2022-02-01 07:22:29,-0.7193,8.7815,80.56,94,40,3.44
143,Labuan,MY,2022-02-01 07:22:29,5.2767,115.2417,89.11,74,20,6.91
144,Ancud,CL,2022-02-01 07:16:10,-41.8697,-73.8203,58.23,95,100,5.7
145,Vanavara,RU,2022-02-01 07:22:30,60.34,102.2797,1.87,88,100,2.75
146,Nueva Guinea,NI,2022-02-01 07:22:31,11.6876,-84.4562,65.35,90,8,6.62
147,Vardo,NO,2022-02-01 07:22:31,70.3705,31.1107,19.15,92,81,12.66
148,Cabo San Lucas,MX,2022-02-01 07:20:38,22.8909,-109.9124,68.5,63,0,1.01
149,Lethem,GY,2022-02-01 07:22:32,3.3803,-59.7968,75.0,78,82,10.33
150,Yulara,AU,2022-02-01 07:21:37,-25.2406,130.9889,75.04,83,100,13.8
151,Bambous Virieux,MU,2022-02-01 07:22:32,-20.3428,57.7575,86.22,78,75,21.85
152,Belaya Gora,RU,2022-02-01 07:22:33,68.5333,146.4167,-12.28,97,100,1.7
153,Grand Gaube,MU,2022-02-01 07:22:34,-20.0064,57.6608,86.38,62,100,15.99
154,Bilibino,RU,2022-02-01 07:22:34,68.0546,166.4372,5.65,68,100,6.31
155,Coihaique,CL,2022-02-01 07:22:34,-45.5752,-72.0662,57.81,76,100,4.61
156,Severo-Kurilsk,RU,2022-02-01 07:22:35,50.6789,156.125,26.98,77,90,9.26
157,Anadyr,RU,2022-02-01 07:22:35,64.75,177.4833,18.1,62,100,24.61
158,Kieta,PG,2022-02-01 07:16:19,-6.2167,155.6333,82.53,78,100,7.07
159,Jacmel,HT,2022-02-01 07:22:36,18.2342,-72.5347,69.64,84,4,3.4
160,Namibe,AO,2022-02-01 07:22:37,-15.1961,12.1522,72.43,66,100,6.08
161,Almaznyy,RU,2022-02-01 07:22:37,48.0448,40.045,33.94,89,100,11.27
162,Ayan,RU,2022-02-01 07:22:38,56.45,138.1667,2.21,68,93,13.13
163,Henties Bay,NA,2022-02-01 07:22:38,-22.116,14.2845,69.85,74,96,6.35
164,Sao Filipe,CV,2022-02-01 07:22:39,14.8961,-24.4956,74.98,70,100,11.03
165,Tuatapere,NZ,2022-02-01 07:22:39,-46.1333,167.6833,59.83,95,100,2.53
166,Ewa Beach,US,2022-02-01 07:22:40,21.3156,-158.0072,73.35,75,0,4.0
167,Assare,BR,2022-02-01 07:22:41,-6.8744,-39.875,67.19,74,6,1.54
168,Pouembout,NC,2022-02-01 07:22:41,-21.1333,164.9,80.89,75,77,8.3
169,Pathein,MM,2022-02-01 07:22:42,16.7833,94.7333,88.09,24,26,9.13
170,Gondanglegi,ID,2022-02-01 07:22:42,-7.7479,112.0132,82.13,81,99,1.77
171,Cherskiy,RU,2022-02-01 07:17:39,68.75,161.3,-5.89,87,100,6.11
172,Tornio,FI,2022-02-01 07:22:43,65.8481,24.1466,-5.78,96,18,7.0
173,The Valley,AI,2022-02-01 07:22:43,18.217,-63.0578,76.1,74,3,5.17
174,Lorengau,PG,2022-02-01 07:22:44,-2.0226,147.2712,79.05,86,100,16.49
175,Maputo,MZ,2022-02-01 07:22:45,-25.9653,32.5892,82.22,72,40,4.0
176,Kavieng,PG,2022-02-01 07:22:45,-2.5744,150.7967,77.45,91,100,10.25
177,Tocopilla,CL,2022-02-01 07:22:46,-22.092,-70.1979,66.61,69,0,2.35
178,Saskylakh,RU,2022-02-01 07:22:46,71.9167,114.0833,-26.72,100,93,1.81
179,Koumac,NC,2022-02-01 07:23:47,-20.5667,164.2833,80.8,76,12,12.3
180,Sistranda,NO,2022-02-01 07:23:47,63.7256,8.834,30.16,61,100,15.55
181,Ixtapa,MX,2022-02-01 07:22:51,20.7,-105.2,66.22,92,0,2.91
182,Abu Samrah,SY,2022-02-01 07:23:48,35.3029,37.1841,48.45,63,29,5.46
183,Mar Del Plata,AR,2022-02-01 07:23:48,-38.0023,-57.5575,56.08,77,0,1.99
184,Beringovskiy,RU,2022-02-01 07:23:49,63.05,179.3167,8.53,94,100,10.8
185,Alyangula,AU,2022-02-01 07:23:50,-13.8483,136.4192,89.47,66,40,12.66
186,Csomor,HU,2022-02-01 07:23:50,47.55,19.2333,34.72,86,75,5.75
187,Gat,IL,2022-02-01 07:23:51,31.61,34.7642,54.91,100,56,9.57
188,Dikson,RU,2022-02-01 07:17:33,73.5069,80.5464,2.3,90,100,20.29
189,Alofi,NU,2022-02-01 07:23:52,-19.0595,-169.9187,75.09,94,100,1.14
190,Paamiut,GL,2022-02-01 07:23:52,61.994,-49.6678,17.98,93,100,7.02
191,Talcahuano,CL,2022-02-01 07:23:18,-36.7167,-73.1167,53.28,87,0,6.91
192,General Roca,AR,2022-02-01 07:23:53,-39.0333,-67.5833,71.62,21,83,8.95
193,Kota,IN,2022-02-01 07:21:59,25.1833,75.8333,78.21,37,0,6.96
194,Asau,RO,2022-02-01 07:23:54,46.4333,26.4,33.76,72,98,2.8
195,Pemangkat,ID,2022-02-01 07:23:54,1.1667,108.9667,82.31,77,65,13.27
196,Praia,CV,2022-02-01 07:23:55,14.9215,-23.5087,72.14,83,0,11.5
197,Abha,SA,2022-02-01 07:23:55,18.2164,42.5053,61.05,55,0,10.36
198,Bijni,IN,2022-02-01 07:23:56,26.4959,90.703,62.69,63,97,8.39
199,Havre-Saint-Pierre,CA,2022-02-01 07:23:56,50.2334,-63.5986,3.2,65,0,11.5
200,Teknaf,BD,2022-02-01 07:23:57,20.8624,92.3058,76.1,40,5,10.56
201,Samarai,PG,2022-02-01 07:23:57,-10.6167,150.6667,85.55,71,100,14.76
202,Hasaki,JP,2022-02-01 07:23:58,35.7333,140.8333,48.49,43,100,6.55
203,Tolaga Bay,NZ,2022-02-01 07:23:58,-38.3667,178.3,68.0,83,100,14.97
204,Lokosovo,RU,2022-02-01 07:23:59,61.1333,74.8167,6.33,94,100,3.78
205,Nishihara,JP,2022-02-01 07:23:59,26.1842,127.7558,67.28,57,75,11.5
206,Santa Cruz De La Palma,ES,2022-02-01 07:24:00,28.6835,-17.7642,63.14,77,0,9.22
207,Najran,SA,2022-02-01 07:24:01,17.4924,44.1277,75.85,28,59,2.37
208,Baiao,BR,2022-02-01 07:24:01,-2.7906,-49.6717,70.05,99,100,0.94
209,Staryy Nadym,RU,2022-02-01 07:24:02,65.6118,72.6842,-7.1,98,97,5.93
210,Tura,IN,2022-02-01 07:24:02,25.5198,90.2201,69.76,40,16,6.44
211,Isthmia,GR,2022-02-01 07:24:03,37.9121,22.9999,58.3,84,100,6.35
212,Nome,US,2022-02-01 07:24:03,64.5011,-165.4064,5.59,62,53,9.53
213,Padilla,CO,2022-02-01 07:24:04,3.2204,-76.3139,67.57,94,99,1.88
214,Bousso,TD,2022-02-01 07:24:04,10.4795,16.7117,64.87,16,5,9.66
215,Ahipara,NZ,2022-02-01 07:24:05,-35.1667,173.1667,70.79,81,100,14.58
216,Port Lincoln,AU,2022-02-01 07:21:48,-34.7333,135.8667,64.96,57,1,24.96
217,Bocaiuva,BR,2022-02-01 07:24:05,-17.1078,-43.815,69.6,88,100,1.83
218,Naron,ES,2022-02-01 07:24:06,43.5167,-8.1528,49.82,83,11,10.49
219,Irituia,BR,2022-02-01 07:24:07,-1.7711,-47.4381,71.71,99,100,0.49
220,Tazovskiy,RU,2022-02-01 07:24:07,67.4667,78.7,3.18,96,100,6.08
221,Leningradskiy,RU,2022-02-01 07:17:38,69.3833,178.4167,-15.97,96,48,10.8
222,Ribeira Grande,PT,2022-02-01 07:15:59,38.5167,-28.7,59.4,77,40,8.05
223,Port Blair,IN,2022-02-01 07:24:08,11.6667,92.75,82.44,65,40,6.91
224,Kyra,RU,2022-02-01 07:25:08,49.5776,111.9753,9.21,61,100,6.93
225,Takoradi,GH,2022-02-01 07:25:09,4.8845,-1.7554,77.14,85,100,2.37
226,Basco,PH,2022-02-01 07:25:10,20.4487,121.9702,72.9,70,100,15.59
227,Volga,RU,2022-02-01 07:25:10,57.9516,38.3879,22.42,97,100,3.11
228,Daru,PG,2022-02-01 07:25:11,-9.0763,143.2092,78.19,84,100,8.61
229,Eskil,TR,2022-02-01 07:25:11,38.4017,33.4131,29.48,92,100,9.37
230,Totolapa,MX,2022-02-01 07:25:12,18.5167,-96.1833,63.93,95,0,1.54
231,Cristinapolis,BR,2022-02-01 07:25:12,-11.4756,-37.7553,72.12,93,15,2.21
232,Hamilton,US,2022-02-01 07:20:47,39.1834,-84.5333,35.37,78,100,1.01
233,Port Hedland,AU,2022-02-01 07:25:13,-20.3167,118.5667,89.65,70,100,21.85
234,Dicamay,PH,2022-02-01 07:23:20,16.7561,122.0037,77.95,75,96,2.48
235,Thinadhoo,MV,2022-02-01 07:16:25,0.5333,72.9333,83.57,68,9,11.72
236,Bengkulu,ID,2022-02-01 07:23:32,-3.8004,102.2655,85.06,68,96,9.8
237,Megion,RU,2022-02-01 07:25:14,61.0296,76.1136,1.42,95,99,5.01
238,Auki,SB,2022-02-01 07:25:15,-8.7676,160.7034,80.89,81,98,6.24
239,Luanda,AO,2022-02-01 07:21:57,-8.8368,13.2343,78.8,78,75,4.61
240,Port-Cartier,CA,2022-02-01 07:22:15,50.0334,-66.8654,-9.29,96,6,6.49
241,Ariquemes,BR,2022-02-01 07:25:05,-9.9133,-63.0408,70.02,99,100,1.52
242,Killybegs,IE,2022-02-01 07:24:11,54.6333,-8.45,50.45,91,100,23.26
243,Talnakh,RU,2022-02-01 07:25:16,69.4865,88.3972,2.21,95,100,9.31
244,Mumbwa,ZM,2022-02-01 07:25:17,-14.9783,27.0619,66.61,92,86,7.31
245,Shache,CN,2022-02-01 07:25:17,38.4167,77.2406,36.64,24,20,2.73
246,Karratha,AU,2022-02-01 07:25:18,-20.7377,116.8463,92.07,55,100,11.74
247,Cidreira,BR,2022-02-01 07:25:18,-30.1811,-50.2056,71.58,87,6,9.4
248,Pandamatenga,BW,2022-02-01 07:25:19,-18.5278,25.627,69.96,85,54,10.54
249,Tasiilaq,GL,2022-02-01 07:16:18,65.6145,-37.6368,10.56,74,100,7.43
250,Tacuarembo,UY,2022-02-01 07:21:27,-31.7333,-55.9833,55.17,87,0,5.44
251,Ticul,MX,2022-02-01 07:25:20,20.4,-89.5333,64.8,84,1,6.33
252,Udachnyy,RU,2022-02-01 07:25:20,66.4167,112.4,-30.06,99,68,2.8
253,College,US,2022-02-01 07:25:21,64.8569,-147.8028,-15.41,73,0,0.0
254,Chumikan,RU,2022-02-01 07:25:21,54.7183,135.315,4.51,74,20,14.97
255,Booue,GA,2022-02-01 07:25:22,-0.0921,11.9385,79.21,76,27,2.98
256,Inhambane,MZ,2022-02-01 07:25:22,-23.865,35.3833,84.18,70,40,9.22
257,Baruun-Urt,MN,2022-02-01 07:25:23,46.6806,113.2792,4.37,76,6,9.19
258,Avera,US,2022-02-01 07:25:23,33.194,-82.5271,39.07,58,0,5.01
259,Bagan,RU,2022-02-01 07:25:10,54.1001,77.6646,20.95,88,100,12.5
260,Kondratovo,RU,2022-02-01 07:25:24,57.9804,56.1066,28.69,79,75,8.99
261,Khandyga,RU,2022-02-01 07:25:24,62.6667,135.6,-23.93,99,100,0.47
262,Aykhal,RU,2022-02-01 07:16:06,66.0,111.5,-23.28,99,90,4.09
263,Norman Wells,CA,2022-02-01 07:25:25,65.282,-126.8329,-0.36,78,100,16.11
264,Praia Da Vitoria,PT,2022-02-01 07:25:26,38.7333,-27.0667,59.25,88,75,15.88
265,Leh,IN,2022-02-01 07:25:26,34.1667,77.5833,10.76,78,58,3.13
266,Tezu,IN,2022-02-01 07:25:27,27.9167,96.1667,65.26,56,100,2.71
267,Koutsouras,GR,2022-02-01 07:25:27,35.0339,25.9469,59.11,74,38,21.25
268,Harrisonburg,US,2022-02-01 07:25:28,38.4496,-78.8689,27.21,86,0,0.0
269,Coahuayana,MX,2022-02-01 07:25:28,18.7333,-103.6833,67.51,86,4,4.07
270,Mosbach,DE,2022-02-01 07:25:29,49.3539,9.1428,38.62,84,100,12.21
271,Fortuna,US,2022-02-01 07:26:29,40.5982,-124.1573,44.98,84,75,1.99
272,Chokurdakh,RU,2022-02-01 07:23:13,70.6333,147.9167,-17.54,97,100,2.01
273,Omsukchan,RU,2022-02-01 07:24:07,62.5333,155.8,-3.12,96,100,6.87
274,Margate,GB,2022-02-01 07:26:30,51.3813,1.3862,46.96,88,100,3.0
275,Williamsburg,US,2022-02-01 07:26:17,37.2707,-76.7075,35.74,90,0,3.44
276,La Ronge,CA,2022-02-01 07:26:31,55.1001,-105.2842,-10.95,70,20,11.5
277,Klaksvik,FO,2022-02-01 07:26:31,62.2266,-6.589,43.72,81,27,41.05
278,Sarangani,PH,2022-02-01 07:26:32,5.4033,125.4636,82.27,72,100,22.75
279,Sorland,NO,2022-02-01 07:26:32,67.667,12.6934,33.66,55,0,21.85
280,San Patricio,US,2022-02-01 07:26:33,28.017,-97.5169,60.78,97,46,5.14
281,Manhattan,US,2022-02-01 07:26:34,40.7834,-73.9662,27.63,71,0,4.61
282,Tual,ID,2022-02-01 07:26:34,-5.6667,132.75,83.7,72,100,16.51
283,Nioki,CD,2022-02-01 07:26:35,-2.7167,17.6833,79.2,65,99,2.71
284,Despotovac,RS,2022-02-01 07:26:35,44.0925,21.4469,35.67,97,100,3.56
285,Petropavlovka,RU,2022-02-01 07:26:36,50.6114,105.3196,6.24,83,39,1.61
286,Kalach-Na-Donu,RU,2022-02-01 07:26:36,48.691,43.5264,33.12,93,32,13.49
287,Amelia,IT,2022-02-01 07:26:38,42.5523,12.4182,42.1,71,0,7.11
288,Mufulira,ZM,2022-02-01 07:26:39,-12.5498,28.2407,57.0,80,16,4.41
289,Pevek,RU,2022-02-01 07:25:09,69.7008,170.3133,-16.26,97,100,1.01
290,Port Hardy,CA,2022-02-01 07:23:54,50.6996,-127.4199,38.75,100,75,5.75
291,Hovd,MN,2022-02-01 07:17:37,48.0056,91.6419,-4.52,83,100,3.44
292,Port Elizabeth,ZA,2022-02-01 07:15:58,-33.918,25.5701,81.1,69,0,6.91
293,Ulladulla,AU,2022-02-01 07:26:40,-35.35,150.4667,87.87,53,100,9.13
294,Geraldton,AU,2022-02-01 07:23:27,-28.7667,114.6,88.21,37,0,24.16
295,Gillette,US,2022-02-01 07:26:41,44.2911,-105.5022,23.04,85,0,10.0
296,Tiksi,RU,2022-02-01 07:26:41,71.6872,128.8694,-10.08,100,100,3.83
297,Ilulissat,GL,2022-02-01 07:26:42,69.2167,-51.1,8.62,72,100,3.44
298,Antanifotsy,MG,2022-02-01 07:26:42,-19.65,47.3167,65.16,76,94,5.73
299,Raton,US,2022-02-01 07:26:43,36.9034,-104.4391,34.14,26,0,14.97
300,Ambilobe,MG,2022-02-01 07:26:43,-13.2,49.05,82.56,78,100,3.65
301,Comodoro Rivadavia,AR,2022-02-01 07:25:45,-45.8667,-67.5,64.26,45,0,28.77
302,Necochea,AR,2022-02-01 07:26:45,-38.5473,-58.7368,59.04,53,0,19.62
303,Grand-Santi,GF,2022-02-01 07:26:45,4.25,-54.3833,69.71,100,98,2.21
304,Sisimiut,GL,2022-02-01 07:26:45,66.9395,-53.6735,5.61,86,100,6.38
305,Biak,ID,2022-02-01 07:26:46,-0.9131,122.8766,85.71,57,100,4.38
306,Honningsvag,NO,2022-02-01 07:24:46,70.9821,25.9704,20.95,79,0,12.66
307,Dharchula,IN,2022-02-01 07:26:47,29.85,80.5333,57.88,40,23,6.78
308,Acapulco,MX,2022-02-01 07:26:47,16.8634,-99.8901,73.22,83,0,0.0
309,Emerald,AU,2022-02-01 07:25:47,-23.5333,148.1667,100.54,27,100,4.61
310,Bar Harbor,US,2022-02-01 07:26:48,44.3876,-68.2039,18.01,71,0,5.01
311,Belyy Yar,RU,2022-02-01 07:26:49,53.6039,91.3903,-5.91,84,100,2.24
312,Lukovetskiy,RU,2022-02-01 07:26:49,64.2956,41.9211,15.78,96,100,6.02
313,Adeje,ES,2022-02-01 07:26:50,28.1227,-16.726,67.75,45,0,1.01
314,Saint-Augustin,CA,2022-02-01 07:26:51,51.226,-58.6502,-5.31,89,11,8.46
315,Airai,TL,2022-02-01 07:24:18,-8.9266,125.4092,69.75,71,67,6.04
316,Fort Nelson,CA,2022-02-01 07:26:31,58.8053,-122.7002,-18.81,76,0,2.3
317,Xining,CN,2022-02-01 07:27:52,36.6167,101.7667,22.86,37,7,1.39
318,Reo,BF,2022-02-01 07:27:52,12.3167,-2.4667,65.34,18,5,9.19
319,Te Anau,NZ,2022-02-01 07:24:07,-45.4167,167.7167,61.07,94,100,1.54
320,San Cristobal,VE,2022-02-01 07:27:53,7.7669,-72.225,64.44,87,100,2.73
321,Caraquet,CA,2022-02-01 07:27:54,47.7941,-64.9386,0.34,84,5,9.8
322,Longyearbyen,SJ,2022-02-01 07:27:54,78.2186,15.6401,15.64,62,20,3.44
323,Victoria,HK,2022-02-01 07:26:02,22.2855,114.1577,60.24,85,100,1.99
324,Sauteurs,GD,2022-02-01 07:27:55,12.2167,-61.6333,77.41,76,58,14.81
325,Dunda,TZ,2022-02-01 07:27:55,-8.1167,34.25,68.86,90,100,2.86
326,Mount Gambier,AU,2022-02-01 07:27:56,-37.8333,140.7667,66.11,45,100,25.32
327,Kaeo,NZ,2022-02-01 07:23:44,-35.1,173.7833,71.33,90,100,12.03
328,Nikolayevskaya,RU,2022-02-01 07:27:56,47.6139,41.5023,34.54,91,92,9.78
329,Bardiyah,LY,2022-02-01 07:27:57,31.7561,25.0865,53.24,73,61,15.46
330,Karabuk,TR,2022-02-01 07:27:58,41.2049,32.6277,30.52,87,100,4.56
331,Qurayyat,SA,2022-02-01 07:27:58,31.3318,37.3428,44.78,61,0,6.91
332,Saint-Georges,GD,2022-02-01 07:27:59,12.0564,-61.7485,77.25,78,91,12.21
333,Salym,RU,2022-02-01 07:27:59,60.0625,71.4789,6.03,90,100,6.02
334,Rocha,UY,2022-02-01 07:24:26,-34.4833,-54.3333,53.62,75,0,2.71
335,Bergerac,FR,2022-02-01 07:28:00,44.8333,0.5,35.78,100,14,0.0
336,Saldanha,ZA,2022-02-01 07:28:00,-33.0117,17.9442,66.25,71,0,13.65
337,Lavrentiya,RU,2022-02-01 07:28:01,65.5833,-171.0,-2.38,79,14,12.88
338,Lasa,IT,2022-02-01 07:28:01,46.6166,10.7002,33.69,94,100,7.72
339,Osijek,HR,2022-02-01 07:28:02,45.5511,18.6939,36.84,93,43,9.22
340,Terny,UA,2022-02-01 07:28:02,50.9833,33.9833,19.11,96,91,11.92
341,Clara,IE,2022-02-01 07:28:03,53.3425,-7.6139,50.4,87,100,18.16
342,Balloch,GB,2022-02-01 07:28:03,56.0,-4.5833,51.39,76,75,19.57
343,Naze,JP,2022-02-01 07:28:04,28.3667,129.4833,58.12,60,99,10.98
344,Tecpan,GT,2022-02-01 07:28:04,14.7623,-90.9947,51.06,94,91,3.11
345,Hay River,CA,2022-02-01 07:28:05,60.8156,-115.7999,-5.82,77,75,12.66
346,Tigzirt,DZ,2022-02-01 07:28:05,36.8886,4.1198,51.58,82,62,17.02
347,Salalah,OM,2022-02-01 07:28:06,17.0151,54.0924,78.89,41,0,3.44
348,Oistins,BB,2022-02-01 07:28:06,13.0667,-59.5333,77.09,83,40,12.66
349,Casas Grandes,MX,2022-02-01 07:28:07,30.3667,-107.95,45.45,41,100,6.17
350,Upata,VE,2022-02-01 07:28:07,8.0086,-62.3989,70.2,85,100,6.8
351,Seoul,KR,2022-02-01 07:26:35,37.5683,126.9778,33.31,62,75,5.75
352,Saint-Pierre,RE,2022-02-01 07:28:08,-21.3393,55.4781,86.18,62,20,25.32
353,Concepcion Del Oro,MX,2022-02-01 07:28:09,24.6333,-101.4167,46.18,28,0,4.38
354,Sechura,PE,2022-02-01 07:28:09,-5.5569,-80.8222,72.61,69,100,7.87
355,Yar-Sale,RU,2022-02-01 07:23:30,66.8333,70.8333,-14.21,99,35,5.91
356,Vila,PT,2022-02-01 07:23:34,42.0304,-8.1588,38.34,84,2,5.59
357,Atambua,ID,2022-02-01 07:28:10,-9.1061,124.8925,79.23,76,19,12.24
358,Buraydah,SA,2022-02-01 07:26:29,26.326,43.975,57.65,30,0,13.96
359,Kangaatsiaq,GL,2022-02-01 07:28:11,68.3065,-53.4641,6.6,88,100,5.61
360,Swan River,CA,2022-02-01 07:28:11,52.1058,-101.2676,6.69,85,100,10.36
361,Lucapa,AO,2022-02-01 07:28:12,-8.4192,20.7447,70.18,88,95,3.87
362,Bandarbeyla,SO,2022-02-01 07:24:37,9.4942,50.8122,78.93,67,99,15.39
363,Vallenar,CL,2022-02-01 07:28:13,-28.5708,-70.7581,63.54,73,98,3.76
364,Stornoway,GB,2022-02-01 07:28:13,58.2093,-6.3865,48.16,84,75,11.99
365,Taltal,CL,2022-02-01 07:29:14,-25.4,-70.4833,63.63,84,75,2.13
366,Waipawa,NZ,2022-02-01 07:29:15,-41.4122,175.5153,70.43,70,31,2.66
367,Aksarka,RU,2022-02-01 07:29:15,66.5606,67.7975,-16.06,99,87,6.08
368,Teguise,ES,2022-02-01 07:29:16,29.0605,-13.564,62.82,48,0,9.22
369,Nouadhibou,MR,2022-02-01 07:29:16,20.931,-17.0347,66.18,88,100,13.8
370,Christchurch,NZ,2022-02-01 07:29:17,-43.5333,172.6333,69.03,79,75,1.01
371,Paragominas,BR,2022-02-01 07:29:17,-2.9667,-47.4833,70.14,99,100,0.69
372,Vao,NC,2022-02-01 07:29:18,-22.6667,167.4833,75.22,85,100,15.01
373,Miri,MY,2022-02-01 07:29:18,4.4148,114.0089,86.14,74,40,9.22
374,Joensuu,FI,2022-02-01 07:29:19,62.6012,29.7632,20.26,89,100,4.61
375,Miyako,JP,2022-02-01 07:29:19,39.6367,141.9525,35.74,53,67,7.92
376,Kavaratti,IN,2022-02-01 07:29:20,10.5669,72.642,80.87,67,3,4.83
377,Waddan,LY,2022-02-01 07:29:21,29.1614,16.139,50.13,44,7,6.08
378,Chokwe,MZ,2022-02-01 07:29:21,-24.5333,32.9833,84.9,61,39,2.21
379,Rantepao,ID,2022-02-01 07:29:22,-2.9701,119.8978,82.26,59,98,3.2
380,Moron,AR,2022-02-01 07:28:40,-34.6534,-58.6198,67.96,62,0,1.99
381,Businga,CD,2022-02-01 07:29:23,3.3333,20.8833,77.9,30,49,2.93
382,Saint-Joseph,RE,2022-02-01 07:29:23,-21.3667,55.6167,85.1,65,36,16.33
383,Pontal Do Parana,BR,2022-02-01 07:29:24,-25.6533,-48.5128,74.86,96,39,3.42
384,Barra Patuca,HN,2022-02-01 07:29:24,15.8,-84.2833,71.87,80,85,2.91
385,Gamba,GA,2022-02-01 07:25:26,-2.65,10.0,78.48,84,49,2.06
386,Mubi,NG,2022-02-01 07:29:25,10.2676,13.2644,62.98,22,4,1.14
387,Vaitape,PF,2022-02-01 07:29:26,-16.5167,-151.75,81.32,75,6,20.74
388,Cururupu,BR,2022-02-01 07:29:26,-1.8283,-44.8683,75.99,93,100,4.83
389,Mackay,AU,2022-02-01 07:29:26,-21.15,149.2,88.68,58,30,11.5
390,Bafq,IR,2022-02-01 07:29:27,31.6128,55.4107,56.93,43,81,12.88
391,Coquimbo,CL,2022-02-01 07:29:28,-29.9533,-71.3436,62.33,82,100,6.91
392,Mabaruma,GY,2022-02-01 07:26:35,8.2,-59.7833,70.27,97,100,2.21
393,Gayeri,BF,2022-02-01 07:29:28,12.6497,0.4931,62.02,16,6,7.65
394,Benguela,AO,2022-02-01 07:29:29,-12.5763,13.4055,76.51,73,94,1.21
395,Santa Rosa,PH,2022-02-01 07:29:29,14.3122,121.1114,87.78,65,32,16.42
396,Vestmannaeyjar,IS,2022-02-01 07:29:30,63.4427,-20.2734,30.78,72,95,17.31
397,Zadonsk,RU,2022-02-01 07:29:30,52.3904,38.9261,30.34,92,100,13.65
398,Byron Bay,AU,2022-02-01 07:29:31,-28.65,153.6167,84.31,74,10,9.46
399,Ostrovnoy,RU,2022-02-01 07:24:41,68.0531,39.5131,14.58,96,100,3.4
400,Tuy Hoa,VN,2022-02-01 07:29:32,13.0833,109.3,77.52,83,65,10.13
401,Bantry,IE,2022-02-01 07:29:32,51.6833,-9.45,49.48,92,61,8.93
402,Abalak,RU,2022-02-01 07:29:33,58.1286,68.5944,7.86,91,62,4.03
403,Port Shepstone,ZA,2022-02-01 07:29:33,-30.7414,30.455,78.87,78,74,12.84
404,Carutapera,BR,2022-02-01 07:29:34,-1.195,-46.02,76.48,92,100,5.75
405,Kattivakkam,IN,2022-02-01 07:29:34,13.2167,80.3167,87.89,71,12,7.2
406,Nuuk,GL,2022-02-01 07:29:35,64.1835,-51.7216,14.61,85,100,13.8
407,Ruyigi,BI,2022-02-01 07:29:35,-3.45,30.3167,60.31,92,100,1.32
408,Iwaki,JP,2022-02-01 07:29:36,37.05,140.8833,45.01,48,56,1.01
409,Akdepe,TM,2022-02-01 07:26:16,42.0551,59.3788,41.09,68,1,12.19
410,Nanortalik,GL,2022-02-01 07:31:07,60.1432,-45.2371,19.69,76,100,8.19
411,Itoman,JP,2022-02-01 07:31:08,26.1247,127.6694,68.02,57,75,12.66
412,Kirkuk,IQ,2022-02-01 07:31:08,35.4681,44.3922,46.63,73,86,1.88
413,Bathsheba,BB,2022-02-01 07:31:09,13.2167,-59.5167,77.61,83,40,12.66
414,Yumen,CN,2022-02-01 07:31:09,40.2833,97.2,26.85,19,87,3.36
415,Petropavlovsk-Kamchatskiy,RU,2022-02-01 07:31:10,53.0452,158.6483,27.19,69,0,11.18
416,Cortez,US,2022-02-01 07:31:10,37.3489,-108.5859,30.04,63,0,0.0
417,Lompoc,US,2022-02-01 07:31:11,34.6391,-120.4579,59.18,87,0,0.0
418,Caravelas,BR,2022-02-01 07:31:12,-17.7125,-39.2481,75.92,91,100,6.67
419,Matara,LK,2022-02-01 07:31:12,5.9485,80.5353,85.96,56,34,9.37
420,Greenville,US,2022-02-01 07:31:13,35.6127,-77.3663,35.29,94,0,0.0
421,Biltine,TD,2022-02-01 07:31:13,14.5333,20.9167,65.84,16,0,9.84
422,Uruzgan,AF,2022-02-01 07:31:14,32.8333,66.0,41.81,29,93,5.95
423,Dunedin,NZ,2022-02-01 07:31:15,-45.8742,170.5036,65.8,92,100,4.0
424,Huarmey,PE,2022-02-01 07:31:15,-10.0681,-78.1522,69.98,86,100,5.46
425,Freudenberg,DE,2022-02-01 07:31:16,50.9,7.8667,36.91,88,99,9.64
426,Hambantota,LK,2022-02-01 07:31:16,6.1241,81.1185,89.94,58,20,6.91
427,San Andres,CO,2022-02-01 07:29:14,12.5847,-81.7006,78.82,78,40,9.22
428,Lac Du Bonnet,CA,2022-02-01 07:31:17,50.2536,-96.0612,29.26,98,100,6.62
429,Derzhavinsk,KZ,2022-02-01 07:31:18,51.1,66.3167,19.53,92,99,11.21
430,Linqiong,CN,2022-02-01 07:31:18,30.4159,103.4609,44.42,84,100,7.45
431,Marsh Harbour,BS,2022-02-01 07:31:19,26.5412,-77.0636,65.01,56,3,12.93
432,Tarabuco,BO,2022-02-01 07:31:19,-19.1667,-64.9167,45.79,89,98,5.19
433,Rincon,US,2022-02-01 07:31:20,32.296,-81.2354,47.86,87,0,0.0
434,Adrar,MR,2022-02-01 07:31:20,20.5022,-10.0711,66.24,11,65,10.83
435,Asuncion,PY,2022-02-01 07:29:01,-25.3007,-57.6359,72.9,49,0,0.0
436,Nantucket,US,2022-02-01 07:29:12,41.2835,-70.0995,32.14,72,40,11.5
437,Tungor,RU,2022-02-01 07:31:21,53.3808,142.9564,3.97,92,100,22.46
438,Thatta,PK,2022-02-01 07:31:22,24.7475,67.9235,84.94,22,0,2.93
439,Denpasar,ID,2022-02-01 07:30:47,-8.65,115.2167,89.26,62,20,10.36
440,Khani,GE,2022-02-01 07:31:23,41.9563,42.9566,35.17,94,99,1.99
441,Teya,RU,2022-02-01 07:31:23,60.3778,92.6267,15.55,87,34,3.47
442,Tanout,NE,2022-02-01 07:31:24,14.9709,8.8879,56.48,18,3,15.59
443,Simbakoro,SL,2022-02-01 07:31:24,8.6,-11.0167,64.78,43,99,1.03
444,Omboue,GA,2022-02-01 07:31:25,-1.5746,9.2618,82.69,72,44,2.71
445,Vila Franca Do Campo,PT,2022-02-01 07:31:25,37.7167,-25.4333,57.61,76,72,12.93
446,Vanimo,PG,2022-02-01 07:31:26,-2.6741,141.3028,78.98,82,100,7.29
447,Broome,US,2022-02-01 07:31:27,42.2506,-75.833,14.54,77,0,6.91
448,Laukaa,RU,2022-02-01 07:31:27,58.7372,29.8453,20.8,94,100,4.7
449,High Level,CA,2022-02-01 07:30:16,58.5169,-117.136,-21.89,76,0,4.61
450,Hirara,JP,2022-02-01 07:31:28,24.8,125.2833,68.27,64,75,10.36
451,Humaita,BR,2022-02-01 07:31:28,-7.5061,-63.0208,71.35,99,86,2.46
452,Port Augusta,AU,2022-02-01 07:31:29,-32.5,137.7667,75.7,49,46,28.07
453,Kushmurun,KZ,2022-02-01 07:31:29,52.4503,64.6311,23.65,95,92,10.09
454,Broken Hill,AU,2022-02-01 07:27:47,-31.95,141.4333,76.71,57,100,16.11
455,Podujevo,XK,2022-02-01 07:31:30,42.9106,21.1931,31.15,95,100,7.72
456,Lenger,KZ,2022-02-01 07:32:30,42.183,69.8839,44.04,34,5,2.55
457,Celestun,MX,2022-02-01 07:32:31,20.8667,-90.4,66.27,81,34,11.99
458,Westport,US,2022-02-01 07:32:32,41.1415,-73.3579,24.01,67,0,5.01
459,Lodwar,KE,2022-02-01 07:30:56,3.1191,35.5973,90.84,27,94,10.07
460,Merke,KZ,2022-02-01 07:32:32,42.8728,73.1786,41.45,46,1,5.57
461,Fonte Boa,BR,2022-02-01 07:32:33,-2.4959,-66.2662,74.53,92,100,2.84
462,Uruana,BR,2022-02-01 07:32:34,-15.4981,-49.6875,66.96,96,100,1.68
463,Pangnirtung,CA,2022-02-01 07:32:34,66.1451,-65.7125,-27.65,96,100,4.25
464,Dalvik,IS,2022-02-01 07:32:35,65.9702,-18.5286,22.93,84,83,6.42
465,Sur,OM,2022-02-01 07:32:36,22.5667,59.5289,84.27,31,0,2.46
466,Guerrero Negro,MX,2022-02-01 07:28:54,27.9769,-114.0611,59.22,78,30,11.68
467,Jiaojiang,CN,2022-02-01 07:32:36,28.6803,121.4428,38.34,97,100,7.47
468,Kazanskaya,RU,2022-02-01 07:32:37,45.4106,40.4361,35.65,98,45,8.97
469,Monrovia,LR,2022-02-01 07:32:37,6.3005,-10.7969,76.03,90,100,6.58
470,Zonguldak,TR,2022-02-01 07:32:38,41.25,31.8333,27.45,81,100,5.14
471,Clyde River,CA,2022-02-01 07:32:38,70.4692,-68.5914,-19.97,63,100,4.61
472,Bowen,AU,2022-02-01 07:32:39,-20.0167,148.2333,88.02,74,61,7.36
473,Meulaboh,ID,2022-02-01 07:32:40,4.1363,96.1285,83.77,68,57,5.17
474,Monclova,MX,2022-02-01 07:31:05,26.9,-101.4167,57.06,56,5,1.01
475,Tabou,CI,2022-02-01 07:32:41,4.423,-7.3528,77.14,86,32,5.5
476,Borzya,RU,2022-02-01 07:32:42,50.3833,116.5167,-9.04,96,25,4.9
477,Shirokiy,RU,2022-02-01 07:32:42,49.758,129.523,-1.75,94,66,6.46
478,Kananga,CD,2022-02-01 07:32:43,-5.8958,22.4178,76.6,70,100,2.26
479,Tambovka,RU,2022-02-01 07:32:43,50.0969,128.0489,12.31,93,35,3.24
480,Nieuw Amsterdam,SR,2022-02-01 07:32:44,5.8833,-55.0833,77.02,90,99,7.78
481,Smolenka,RU,2022-02-01 07:32:45,52.1352,113.4974,3.27,55,19,2.24
482,Puerto Escondido,MX,2022-02-01 07:32:45,15.85,-97.0667,74.14,81,0,7.18
483,Zalesovo,RU,2022-02-01 07:32:46,53.9939,84.7431,18.91,92,100,5.82
484,Krasnoselkup,RU,2022-02-01 07:32:46,65.7,82.4667,8.65,95,100,7.52
485,Kununurra,AU,2022-02-01 07:32:47,-15.7667,128.7333,76.98,83,75,16.11
486,Roma,US,2022-02-01 07:32:47,43.2128,-75.4557,16.03,77,0,5.75
487,Alakurtti,RU,2022-02-01 07:32:48,66.9672,30.3491,-6.38,98,100,2.51
488,Katherine,AU,2022-02-01 07:32:48,-14.4667,132.2667,77.32,83,81,13.8
489,Chimbote,PE,2022-02-01 07:32:49,-9.0853,-78.5783,69.01,85,99,3.71
490,Abbeville,FR,2022-02-01 07:29:34,50.1,1.8333,46.49,94,100,17.9
491,Larkollen,NO,2022-02-01 07:32:49,59.3339,10.6656,26.58,83,0,1.14
492,Neuquen,AR,2022-02-01 07:32:03,-38.9516,-68.0591,70.72,26,86,13.91
493,Namatanai,PG,2022-02-01 07:32:50,-3.6667,152.4333,80.19,82,100,4.81
494,Verkhnevilyuysk,RU,2022-02-01 07:32:51,63.4453,120.3167,-24.07,99,85,4.03
495,Voyvozh,RU,2022-02-01 07:32:51,62.892,54.9635,9.3,95,92,5.73
496,Mozhga,RU,2022-02-01 07:32:52,56.4447,52.2276,29.62,96,100,14.5
497,Kysyl-Syr,RU,2022-02-01 07:32:52,63.8986,122.7617,-24.02,98,63,5.19
498,Kauhajoki,FI,2022-02-01 07:32:53,62.4333,22.1833,5.41,97,92,4.12
499,Umm Kaddadah,SD,2022-02-01 07:32:53,13.6017,26.6876,62.37,20,5,18.52
500,Iqaluit,CA,2022-02-01 07:30:12,63.7506,-68.5145,-29.31,66,75,3.0
501,Kota Belud,MY,2022-02-01 07:33:54,6.351,116.4305,89.46,65,19,5.37
502,Adiake,CI,2022-02-01 07:33:54,5.2863,-3.304,78.39,84,41,3.58
503,Aguimes,ES,2022-02-01 07:33:55,27.9054,-15.4461,68.67,34,0,2.3
504,Sakakah,SA,2022-02-01 07:33:55,29.9697,40.2064,51.37,46,0,7.38
505,Choix,MX,2022-02-01 07:33:56,26.7092,-108.3219,56.66,42,0,4.43
506,Kovdor,RU,2022-02-01 07:33:57,67.5662,30.4758,-1.93,100,91,1.34
507,Eureka,US,2022-02-01 07:33:57,40.8021,-124.1637,45.19,78,6,1.99
508,Calabozo,VE,2022-02-01 07:33:58,8.9242,-67.4293,75.51,66,1,7.9
509,Verkhoyansk,RU,2022-02-01 07:33:58,67.5447,133.385,-28.95,100,96,1.03
510,Kirillov,RU,2022-02-01 07:33:59,59.863,38.3813,22.93,95,100,5.91
511,Tautira,PF,2022-02-01 07:33:59,-17.7333,-149.15,80.01,74,18,20.96
512,Shingu,JP,2022-02-01 07:34:00,33.7333,135.9833,53.91,56,9,8.48
513,Laje,BR,2022-02-01 07:34:01,-10.1833,-40.9667,66.72,81,0,3.98
514,Ampanihy,MG,2022-02-01 07:34:01,-24.7,44.75,93.92,24,18,8.03
515,Pangai,TO,2022-02-01 07:34:02,-19.8,-174.35,80.53,73,9,12.17
516,Santa Vitoria Do Palmar,BR,2022-02-01 07:34:02,-33.5189,-53.3681,57.54,71,0,4.16
517,Vestmanna,FO,2022-02-01 07:34:03,62.1564,-7.1664,41.92,75,75,33.38
518,Lusambo,CD,2022-02-01 07:34:03,-4.9667,23.45,75.61,74,100,2.62
519,Montijo,PT,2022-02-01 07:34:04,38.7067,-8.9739,54.63,67,0,12.66
520,Fukagawa,JP,2022-02-01 07:34:04,43.7081,142.0392,23.05,87,100,3.42
521,Padang,ID,2022-02-01 07:30:33,-0.9492,100.3543,80.65,81,100,4.52
522,Siloam Springs,US,2022-02-01 07:32:35,36.1881,-94.5405,55.92,86,100,16.11
523,Paita,PE,2022-02-01 07:34:05,-5.0892,-81.1144,72.66,70,100,6.82
524,Ballarat,AU,2022-02-01 07:34:06,-37.5662,143.8496,66.99,51,1,11.32
525,Noumea,NC,2022-02-01 07:32:06,-22.2763,166.4572,78.78,84,87,8.84
526,Ketchikan,US,2022-02-01 07:34:06,55.3422,-131.6461,34.27,93,100,4.61
527,Dzilam Gonzalez,MX,2022-02-01 07:34:07,21.2833,-88.9333,63.0,81,42,9.06
528,Asosa,ET,2022-02-01 07:34:08,10.0667,34.5333,79.23,20,31,1.39
529,Maun,BW,2022-02-01 07:34:08,-19.9833,23.4167,77.63,65,42,14.12
530,Ruteng,ID,2022-02-01 07:34:09,-8.6136,120.4721,72.45,68,100,5.35
531,Corpus Christi,US,2022-02-01 07:30:01,27.8006,-97.3964,60.91,95,100,6.91
532,Juneau,US,2022-02-01 07:34:10,58.3019,-134.4197,23.05,89,0,0.0
533,Sinop,TR,2022-02-01 07:31:57,41.7711,34.8709,27.03,84,100,12.26
534,Thurles,IE,2022-02-01 07:34:10,52.6819,-7.8022,50.18,93,100,17.87
535,Axim,GH,2022-02-01 07:34:11,4.8699,-2.2405,80.15,76,21,1.19
536,Yerbogachen,RU,2022-02-01 07:34:11,61.2767,108.0108,-10.7,97,77,2.89
537,Okahandja,NA,2022-02-01 07:34:12,-21.9833,16.9167,67.84,87,100,8.37
538,Beyneu,KZ,2022-02-01 07:34:12,45.3167,55.2,38.64,78,48,13.96
539,Grenville,GD,2022-02-01 07:34:13,12.1167,-61.6167,78.24,78,76,14.56
540,Lamar,US,2022-02-01 07:34:13,33.6668,-95.5836,56.35,100,0,5.75
541,Tahe,CN,2022-02-01 07:34:14,52.3333,124.7333,4.35,75,72,9.19
542,Green River,US,2022-02-01 07:34:14,41.5286,-109.4662,20.16,51,37,5.99
543,Bonavista,CA,2022-02-01 07:34:15,48.6499,-53.1147,29.12,58,4,19.71
544,Catia La Mar,VE,2022-02-01 07:34:15,10.6038,-67.0303,73.6,83,20,0.0
545,Kathmandu,NP,2022-02-01 07:35:16,27.7167,85.3167,57.42,47,40,8.05
546,Kutum,SD,2022-02-01 07:35:17,14.2,24.6667,56.97,21,1,10.4
547,Shuangyang,CN,2022-02-01 07:35:17,43.5242,125.6736,17.56,58,47,7.47
548,Okha,RU,2022-02-01 07:35:18,53.5739,142.9478,4.59,92,100,21.85
549,Murray Bridge,AU,2022-02-01 07:35:18,-35.1167,139.2667,72.43,54,18,22.95
550,Sumbawanga,TZ,2022-02-01 07:35:19,-7.9667,31.6167,62.92,90,99,1.61
551,Telimele,GN,2022-02-01 07:35:19,10.9167,-13.3333,68.29,31,86,2.06
552,Maniitsoq,GL,2022-02-01 07:35:20,65.4167,-52.9,10.76,84,100,9.84
553,Takaka,NZ,2022-02-01 07:34:07,-40.85,172.8,73.38,73,100,3.27
554,Nalut,LY,2022-02-01 07:35:21,30.3333,10.85,48.25,23,96,11.9
555,Shelburne,CA,2022-02-01 07:35:21,44.0787,-80.2041,22.89,82,76,9.48
556,Kulhudhuffushi,MV,2022-02-01 07:35:22,6.6221,73.07,81.97,73,34,10.69
557,Pimentel,PE,2022-02-01 07:35:22,-6.8367,-79.9342,69.55,81,50,7.27
558,Batagay,RU,2022-02-01 07:35:23,67.6333,134.6333,-31.56,100,98,0.49
559,Les Cayes,HT,2022-02-01 07:35:23,18.2,-73.75,72.21,86,5,5.26
560,Oktyabrskoye,RU,2022-02-01 07:35:24,43.0645,44.7417,33.94,80,40,2.24
561,Manzanillo,CU,2022-02-01 07:35:24,20.3433,-77.1167,68.31,79,2,11.99
562,Srednekolymsk,RU,2022-02-01 07:35:25,67.45,153.6833,-21.21,98,100,1.14
563,Yining,CN,2022-02-01 07:35:25,29.0361,114.5636,42.24,86,100,4.16
564,Poya,NC,2022-02-01 07:35:26,-21.35,165.15,79.38,81,90,7.74
565,Asfi,MA,2022-02-01 07:31:49,32.2994,-9.2372,59.79,49,94,13.47
566,Bereda,ES,2022-02-01 07:35:27,43.2686,-7.5406,42.58,100,91,5.75
567,George,ZA,2022-02-01 07:35:27,-33.963,22.4617,71.15,94,0,2.3
568,Guymon,US,2022-02-01 07:31:12,36.6828,-101.4816,44.47,51,0,5.75
569,Chambersburg,US,2022-02-01 07:32:17,39.9376,-77.6611,25.05,70,20,3.0
